{
	"name": "Krydaxs-pYanodons-Tweaks",
	"version": "1.1.2",
	"factorio_version": "1.1",
	"title": "Krydax's pYanodon's Tweaks",
	"author": "Krydax",
	"contact": "",
	"homepage": "",
	"description": "This mod aims to tweak some small parts of pYanodon's to make it more livable. Currently extends wire range of electric poles and reworks fluid tanks' cost/volume",
	"dependencies": [
    	"base >= 1.0.0",
		"pypostprocessing >= 0.1.2",
		"? DeadlocksStackingForPyanadon >= 0.5.7"
	]
}
